Name,Symbol
Resonance Speci.,RESONANCE.BO
Tyche Industries,TYCHE.BO
Sanmit Infra,SANINFRA.BO
Coral India Fin.,CORALFINAC.BO
Alembic,ALEMBICLTD.NS
Atlas Jewellery,AJIL.BO
Mercantile Vent.,MERCANTILE.BO
Lotus Eye Hospit,LOTUSEYE.NS
Oswal Agro Mills,OSWALAGRO.BO
PTC India Limited,PTC.NS
Pressman Advertising Limited,PRESSMN.NS
Ador Fontech Limited,ADORFO.BO
Bhagyanagar Properties Limited,BHAGYAPROP.BO
The Andhra Petrochemicals Limited,ANDHRAPET.BO
Manali Petrochemicals Limited,MANALIPETC.BO
Kriti Industries (India) Limited,KRITIIND.BO
